Epoch,TrainLoss,MeanDice,Organ 1,Oragan 2,Organ 3,Organ 4,Organ 5,Organ 6,Organ 7,Organ 8,Organ 9,Organ 10,Organ 11,Organ 12
1,2.2929988321574295,9.59661178967508e-07,0.0,0.0,0.0,0.0,0.0,0.0,1.1515933692862745e-05,0.0,0.0,0.0,0.0,0.0
2,1.6339782816083992,0.03828645497560501,0.0,0.0,0.0,0.0,0.0,0.45943742990493774,0.0,0.0,0.0,0.0,0.0,0.0
3,1.3386451558155172,0.05247565731406212,0.0,0.0,0.0,0.0,0.0,0.6297078728675842,0.0,0.0,0.0,0.0,0.0,0.0
4,1.2015721289550556,0.05356517434120178,0.0,0.0,0.0,0.0,0.0,0.6427820920944214,0.0,0.0,0.0,0.0,0.0,0.0
5,1.12873105222688,0.058436229825019836,0.0,0.0,0.0,0.0,0.0,0.701234757900238,0.0,0.0,0.0,0.0,0.0,0.0
6,1.0916469245053388,0.06116734445095062,0.0,0.0,0.0,0.0,0.0,0.7340081334114075,0.0,0.0,0.0,0.0,0.0,0.0
7,1.059354063561734,0.06359244883060455,5.733084981329739e-05,0.0,0.004034485202282667,0.0,0.0,0.7590175271034241,0.0,0.0,0.0,0.0,0.0,0.0
8,1.0391340494594152,0.07674729079008102,0.007433818653225899,0.0,0.14771932363510132,0.0,0.0,0.7658143043518066,0.0,0.0,0.0,0.0,0.0,0.0
9,1.016931371872916,0.09760811179876328,0.12629306316375732,0.0,0.2718672454357147,0.0,0.0,0.76149982213974,0.011637168005108833,0.0,0.0,0.0,0.0,0.0
10,0.9971014454084284,0.11980258673429489,0.22975851595401764,0.027081653475761414,0.2970617115497589,0.0,0.0,0.7779794931411743,0.10574961453676224,0.0,0.0,0.0,0.0,0.0
11,0.9776812715127188,0.14760828018188477,0.31919166445732117,0.20886924862861633,0.28087958693504333,0.0,0.0,0.7643338441848755,0.1980248987674713,0.0,0.0,0.0,0.0,0.0
12,0.9621478423257085,0.17684762179851532,0.38697096705436707,0.3968411684036255,0.3976365923881531,0.0,0.0,0.7575730085372925,0.18314971029758453,0.0,0.0,0.0,0.0,0.0
13,0.9468801819226321,0.2071894407272339,0.5101647973060608,0.4637487232685089,0.471824586391449,0.0,0.0,0.8109447956085205,0.2295905500650406,0.0,0.0,0.0,0.0,0.0
14,0.9273885936640641,0.2156466543674469,0.5488762855529785,0.49180367588996887,0.5158312320709229,0.0,0.0,0.8123781681060791,0.21887041628360748,0.0,0.0,0.0,0.0,0.0
15,0.903039114549756,0.22302460670471191,0.5957503318786621,0.46965473890304565,0.4496811628341675,0.0,0.0,0.8111006021499634,0.35010838508605957,0.0,0.0,0.0,0.0,0.0
16,0.879589871448629,0.2444959580898285,0.6316742300987244,0.5500242710113525,0.5216192603111267,0.0,0.0,0.8176684975624084,0.41005492210388184,0.0,0.0,0.002910404931753874,0.0,0.0
17,0.8707269594511565,0.2626585066318512,0.6638205051422119,0.5581878423690796,0.584407389163971,0.0,0.0,0.8298678398132324,0.45332610607147217,0.0,0.0,0.06229213997721672,0.0,0.0
18,0.8539691066698116,0.26675641536712646,0.6538213491439819,0.5477381348609924,0.5430833101272583,0.0,0.0,0.8304287195205688,0.4397517442703247,0.0,0.0,0.18625371158123016,0.0,0.0
19,0.8395837320781806,0.2841721475124359,0.6796615719795227,0.5888827443122864,0.5572725534439087,0.0,0.0,0.8348181843757629,0.4774397611618042,0.0006559935864061117,0.0,0.2713348865509033,0.0,0.0
20,0.8280042095438522,0.2975301146507263,0.7033480405807495,0.6001840233802795,0.5935239791870117,0.0,0.0,0.829959511756897,0.5000326633453369,0.07408453524112701,0.0,0.269228458404541,0.0,0.0
21,0.8091784548014402,0.3096841275691986,0.6364817023277283,0.6055006384849548,0.5963583588600159,0.0,0.0,0.8246962428092957,0.4794832766056061,0.3064627945423126,0.0001661361602600664,0.26706045866012573,0.0,0.0
22,0.7973145559868392,0.33389967679977417,0.6890841722488403,0.6318996548652649,0.5640082955360413,9.815661906031892e-05,0.0,0.8332300186157227,0.508439838886261,0.43721237778663635,0.017344266176223755,0.32547882199287415,0.0,0.0
23,0.7788746994646156,0.35866987705230713,0.7072049975395203,0.620882511138916,0.5860673189163208,0.08455369621515274,0.0,0.8358563184738159,0.5145782232284546,0.43664103746414185,0.17013823986053467,0.34811630845069885,0.0,0.0
24,0.765605744522284,0.38977426290512085,0.7084420919418335,0.6308011412620544,0.6253447532653809,0.22602221369743347,0.0,0.8472446799278259,0.5302226543426514,0.49197909235954285,0.28044968843460083,0.3367847502231598,0.0,0.0
25,0.7474728801890331,0.3935551345348358,0.6997420787811279,0.6054208874702454,0.5977866053581238,0.25296851992607117,0.0,0.8434557914733887,0.5327877998352051,0.4841925799846649,0.3457600176334381,0.3605473041534424,0.0,0.0
26,0.728141945293721,0.40850791335105896,0.6972470283508301,0.6463232040405273,0.6163789629936218,0.2679012715816498,0.0,0.8460771441459656,0.5597561597824097,0.5475728511810303,0.3821633756160736,0.3386749029159546,0.0,0.0
27,0.7216808555976433,0.42437314987182617,0.7286936044692993,0.651427149772644,0.6518034338951111,0.3311581015586853,0.0,0.8622314929962158,0.5598092079162598,0.5331556797027588,0.4042991101741791,0.3699001967906952,0.0,0.0
28,0.7176795106600312,0.39271122217178345,0.6590074896812439,0.5665337443351746,0.5595221519470215,0.33537808060646057,0.0,0.8354969024658203,0.5298722386360168,0.4829237759113312,0.376787930727005,0.36701223254203796,0.0,0.0
29,0.7083165885551888,0.42428088188171387,0.7148599028587341,0.6246711611747742,0.6508262753486633,0.3794243335723877,0.0,0.8475349545478821,0.5638304352760315,0.535822331905365,0.40622204542160034,0.3681788742542267,0.0,0.0
30,0.6923713175141636,0.4407338500022888,0.7356878519058228,0.6654874086380005,0.6483178734779358,0.4209336042404175,0.0,0.8640209436416626,0.5633161664009094,0.5772550106048584,0.4243830442428589,0.3894042372703552,0.0,0.0
31,0.6891317612436765,0.4375340938568115,0.7406193614006042,0.647254467010498,0.6337175965309143,0.42245593667030334,0.0,0.8542824387550354,0.5643670558929443,0.558887243270874,0.4420166611671448,0.3868085741996765,0.0,0.0
32,0.6812994528342696,0.445442259311676,0.7270483374595642,0.659426212310791,0.65537428855896,0.43961241841316223,0.0,0.8655400276184082,0.5612190961837769,0.5909603238105774,0.45619654655456543,0.3899294435977936,0.0,0.0
33,0.6686734259128571,0.44620370864868164,0.7505801916122437,0.6491661667823792,0.6425181031227112,0.4283252954483032,0.0013401483884081244,0.87364262342453,0.5538609027862549,0.5744022130966187,0.4630774259567261,0.41753166913986206,0.0,0.0
34,0.6638929308666026,0.43932005763053894,0.7296990752220154,0.625580370426178,0.610150158405304,0.42153385281562805,0.038119617849588394,0.8557044863700867,0.5804874300956726,0.5753287672996521,0.44655635952949524,0.38685131072998047,0.0,0.0018292131135240197
35,0.6556126544909442,0.4550386369228363,0.7379765510559082,0.6796116232872009,0.6320179104804993,0.44991108775138855,0.14351345598697662,0.8689670562744141,0.5835666656494141,0.549624502658844,0.43900513648986816,0.37480470538139343,0.0,0.0014646901981905103
36,0.6490557470961529,0.47359734773635864,0.7373190522193909,0.6655770540237427,0.6503008008003235,0.4594247341156006,0.2135493904352188,0.8608397841453552,0.5840286612510681,0.5877991914749146,0.4656575620174408,0.4170825481414795,0.004459147807210684,0.0371302030980587
37,0.6466699640321381,0.47813189029693604,0.7352950572967529,0.6619753241539001,0.648004412651062,0.4378686547279358,0.20824015140533447,0.8662953972816467,0.5850179195404053,0.5696287751197815,0.4753614366054535,0.3885061740875244,0.09454240649938583,0.06684702634811401
38,0.6288581723895144,0.4755837917327881,0.7189412117004395,0.6249423027038574,0.6119698882102966,0.4341244101524353,0.22523173689842224,0.8575226664543152,0.5760574340820312,0.564737856388092,0.41805317997932434,0.3985460698604584,0.17480826377868652,0.10207027196884155
39,0.6245879624038935,0.4961511492729187,0.7606974244117737,0.6536121368408203,0.656499981880188,0.4498266875743866,0.27807098627090454,0.8653489947319031,0.5678438544273376,0.5369874238967896,0.48057106137275696,0.3699214458465576,0.21607686579227448,0.11835670471191406
40,0.6153121214250431,0.4923974275588989,0.7614126205444336,0.6579263210296631,0.665175199508667,0.42236191034317017,0.29036206007003784,0.865924060344696,0.5801831483840942,0.580758810043335,0.43870607018470764,0.38928666710853577,0.11980236321687698,0.1368701457977295
41,0.6094745645737824,0.5183323621749878,0.7561029195785522,0.6772618293762207,0.6730482578277588,0.38972389698028564,0.3143528997898102,0.8682713508605957,0.586463451385498,0.625799298286438,0.51698237657547,0.39005351066589355,0.25103217363357544,0.17089593410491943
42,0.6031257395687348,0.5161300897598267,0.7679839730262756,0.6592981815338135,0.6574786901473999,0.405222088098526,0.2702676057815552,0.8662230372428894,0.6053839325904846,0.5924623012542725,0.5231102108955383,0.4354032874107361,0.23685255646705627,0.17387497425079346
43,0.5905690559679094,0.5282003879547119,0.7557812929153442,0.658819317817688,0.6643124222755432,0.48598796129226685,0.3372938632965088,0.873385488986969,0.5992463231086731,0.5983001589775085,0.48919761180877686,0.4128503203392029,0.26375406980514526,0.19947625696659088
44,0.5889466582961819,0.5351571440696716,0.7478882670402527,0.6884949803352356,0.6561436653137207,0.4901837110519409,0.35506802797317505,0.8835336565971375,0.593090832233429,0.5912221074104309,0.5265465974807739,0.4326115846633911,0.28640174865722656,0.17070074379444122
45,0.5807494976941276,0.5448316335678101,0.7778576016426086,0.681395947933197,0.6707177758216858,0.49684372544288635,0.37513208389282227,0.8825796246528625,0.6029177308082581,0.6101902723312378,0.5079735517501831,0.43305855989456177,0.2721654772758484,0.22714735567569733
46,0.5708736131406006,0.5390307903289795,0.7838218212127686,0.6942543983459473,0.7041438817977905,0.4342019557952881,0.3607384264469147,0.8714506030082703,0.58067786693573,0.646198034286499,0.5471827983856201,0.3892011046409607,0.2374657690525055,0.2190326452255249
47,0.5663730278611183,0.5514940023422241,0.7914928793907166,0.6982289552688599,0.690406322479248,0.5158184170722961,0.35327449440956116,0.8795171976089478,0.5994035601615906,0.6222590208053589,0.5142766237258911,0.4388701021671295,0.264737069606781,0.2496432065963745
48,0.5712745171040297,0.5523335933685303,0.7681635618209839,0.7025999426841736,0.6815711259841919,0.5104061961174011,0.39591753482818604,0.8838354349136353,0.6012188196182251,0.6024726033210754,0.5345368385314941,0.4203178584575653,0.2873605191707611,0.23960287868976593
49,0.561982715392814,0.5628620386123657,0.7800357341766357,0.7113257050514221,0.6999844312667847,0.5046014189720154,0.3861902058124542,0.8856621980667114,0.6116511225700378,0.6183218359947205,0.5366132259368896,0.4554981291294098,0.29930612444877625,0.2651544511318207
50,0.5536627657163669,0.5657608509063721,0.7861372828483582,0.6998870968818665,0.6966374516487122,0.4941427409648895,0.4098305106163025,0.8848605155944824,0.6187586188316345,0.6463439464569092,0.5234683752059937,0.4467504620552063,0.3149527311325073,0.26736074686050415
51,0.548198960173656,0.5715432167053223,0.7983894944190979,0.6976014971733093,0.7088528871536255,0.5008121728897095,0.413269579410553,0.8898916840553284,0.6288855075836182,0.6587401032447815,0.5406416654586792,0.45477986335754395,0.3351942002773285,0.23146012425422668
52,0.5481444120078403,0.5656027793884277,0.7907731533050537,0.7044965028762817,0.7109886407852173,0.5147302746772766,0.40402838587760925,0.8804041743278503,0.6060071587562561,0.6244183778762817,0.5341477990150452,0.4183317720890045,0.3311921954154968,0.2677147686481476
53,0.5463594738941859,0.5835832357406616,0.7971709966659546,0.7192478179931641,0.7143062949180603,0.5367729067802429,0.42364513874053955,0.8918055295944214,0.6312181949615479,0.662697970867157,0.5555736422538757,0.4627079367637634,0.332494854927063,0.2753567397594452
54,0.5428228520733469,0.5749008059501648,0.784111738204956,0.6960844397544861,0.7077912092208862,0.539110541343689,0.41294845938682556,0.8911747932434082,0.6321894526481628,0.6415532231330872,0.5543956756591797,0.4523254632949829,0.30705535411834717,0.2800690829753876
55,0.5333153049954596,0.5823127627372742,0.8025555610656738,0.6909430623054504,0.7126994132995605,0.5371949672698975,0.43863147497177124,0.889123797416687,0.6314409971237183,0.6412268280982971,0.5634540319442749,0.452862024307251,0.34317371249198914,0.2844467759132385
56,0.5310301860684857,0.5878692269325256,0.8044333457946777,0.7252516150474548,0.7259010076522827,0.49050942063331604,0.44744688272476196,0.894199788570404,0.6396344304084778,0.6501158475875854,0.5626768469810486,0.4677838683128357,0.34184929728507996,0.3046281337738037
57,0.5262544026927036,0.5737642049789429,0.7894651889801025,0.6902391910552979,0.7098231315612793,0.5194413065910339,0.4415926933288574,0.8872553706169128,0.6153253316879272,0.6300801634788513,0.5625241994857788,0.42862868309020996,0.33699092268943787,0.2738039791584015
58,0.5169635818832937,0.5909203886985779,0.8033841848373413,0.7171292901039124,0.6915730834007263,0.5352941751480103,0.44641315937042236,0.894720733165741,0.6371302604675293,0.6634798049926758,0.5548073649406433,0.4827672839164734,0.3593210279941559,0.3050239384174347
59,0.5235352076261359,0.5835132598876953,0.796005129814148,0.6940152645111084,0.6931138038635254,0.5345125198364258,0.44267216324806213,0.8891816735267639,0.6218356490135193,0.6545200943946838,0.5625926852226257,0.4745008945465088,0.34214097261428833,0.29706871509552
60,0.531318640391178,0.5863122940063477,0.7955535054206848,0.7112746238708496,0.713515043258667,0.5232836008071899,0.4021088778972626,0.8881375789642334,0.6391651034355164,0.6514734625816345,0.5602131485939026,0.4761497378349304,0.3584713935852051,0.31640124320983887
61,0.5130327486378305,0.5919062495231628,0.80526202917099,0.719499945640564,0.7199792265892029,0.5402293801307678,0.4365839660167694,0.893975019454956,0.6276266574859619,0.6632943749427795,0.5709797739982605,0.46598881483078003,0.349159836769104,0.3102957308292389
62,0.5148494690108825,0.6057760119438171,0.8123068809509277,0.7378329038619995,0.7278350591659546,0.5552246570587158,0.43514546751976013,0.8921182155609131,0.6470723152160645,0.6779271364212036,0.5818195939064026,0.4813857972621918,0.38973551988601685,0.3309082090854645
63,0.5030893256668659,0.5932308435440063,0.8038409352302551,0.7126249670982361,0.7289477586746216,0.5268889665603638,0.4323837161064148,0.8923426270484924,0.6433438658714294,0.6559681296348572,0.5699036717414856,0.47760194540023804,0.36314889788627625,0.31177404522895813
64,0.5126506337238586,0.6052454113960266,0.8171607255935669,0.7374117970466614,0.7419254779815674,0.539092481136322,0.4462573528289795,0.8962351083755493,0.6372276544570923,0.6743224263191223,0.5957406163215637,0.47069427371025085,0.37989190220832825,0.3269851803779602
65,0.4959090382737272,0.6107071042060852,0.809058666229248,0.7468144297599792,0.7317337989807129,0.5551589131355286,0.47296518087387085,0.8979055285453796,0.6469042301177979,0.6749877333641052,0.5899795889854431,0.49258366227149963,0.3920361399650574,0.31835702061653137
66,0.4952896202311796,0.6057276725769043,0.8017697930335999,0.730037271976471,0.715449333190918,0.5538179278373718,0.47346389293670654,0.8943997621536255,0.6422786712646484,0.6765919923782349,0.5896552205085754,0.49294987320899963,0.3838532865047455,0.3144650161266327
67,0.491454859428546,0.6015415191650391,0.7953700423240662,0.7309011816978455,0.7004255652427673,0.5383378863334656,0.4653834104537964,0.8914530873298645,0.6288360357284546,0.6704820990562439,0.5848850011825562,0.48927345871925354,0.38743260502815247,0.33571720123291016
68,0.49713258823270307,0.5893542170524597,0.798771321773529,0.6961983442306519,0.6718629002571106,0.5317553877830505,0.46728911995887756,0.8905051350593567,0.6170632839202881,0.6791905760765076,0.5693211555480957,0.47954660654067993,0.36397114396095276,0.30677568912506104
69,0.4981533178292653,0.5923047065734863,0.7855817079544067,0.7016834616661072,0.7116349339485168,0.5218461155891418,0.4065827429294586,0.8889325857162476,0.6425392627716064,0.6766415238380432,0.585995078086853,0.4725169539451599,0.3863792419433594,0.3273225724697113
70,0.4890274019802318,0.6112973093986511,0.7920988202095032,0.7335754632949829,0.7217540144920349,0.5609143972396851,0.4651334583759308,0.8946187496185303,0.6580410599708557,0.6768977642059326,0.5934520959854126,0.5010018348693848,0.3972422778606415,0.3408374786376953
71,0.48368101851905093,0.6197764277458191,0.8182666301727295,0.745421290397644,0.7389649748802185,0.5732940435409546,0.4540393054485321,0.9006516933441162,0.6629023551940918,0.6908918619155884,0.609872579574585,0.5009422302246094,0.4026773273944855,0.3393929600715637
72,0.4863775149535607,0.5895668864250183,0.7803113460540771,0.7516077756881714,0.6969467997550964,0.5226976275444031,0.419600248336792,0.8955726623535156,0.6521358489990234,0.6425384283065796,0.5716928243637085,0.5023417472839355,0.3773445188999176,0.2620123624801636
73,0.48345266950919347,0.6174182891845703,0.806846022605896,0.749874472618103,0.721217930316925,0.5686474442481995,0.4783289432525635,0.9035136103630066,0.6484180092811584,0.676048755645752,0.5973054766654968,0.5110683441162109,0.419817715883255,0.3279321491718292
74,0.48009888581274185,0.6060666441917419,0.8134831190109253,0.7354024052619934,0.7360721230506897,0.5314211249351501,0.4754486083984375,0.899948000907898,0.6558228135108948,0.6871802806854248,0.5576868653297424,0.4921438694000244,0.35741251707077026,0.3307774066925049
75,0.481180696419495,0.6226927042007446,0.8169282078742981,0.7419806718826294,0.7415793538093567,0.5670704245567322,0.49255022406578064,0.9037526249885559,0.6664068698883057,0.6735903024673462,0.6084389090538025,0.5138622522354126,0.3980051279067993,0.3481471538543701
76,0.4744996827314882,0.6085244417190552,0.8105424642562866,0.7338650226593018,0.7242420315742493,0.5640615820884705,0.45858222246170044,0.9025988578796387,0.6589341759681702,0.6656538844108582,0.6002271771430969,0.4852547347545624,0.3837018609046936,0.3146292269229889
77,0.4803028434569783,0.6188403367996216,0.8254281282424927,0.7428812980651855,0.7407456040382385,0.5650377869606018,0.4585303068161011,0.9011061191558838,0.6660922765731812,0.6724514365196228,0.5950368642807007,0.5172072052955627,0.40010491013526917,0.3414616584777832
78,0.47078254375168505,0.6266306638717651,0.8242958784103394,0.7555224895477295,0.7380912899971008,0.5547900795936584,0.4850456118583679,0.9035750031471252,0.6513168215751648,0.6912001371383667,0.6059772372245789,0.5246154069900513,0.4250440299510956,0.3600933849811554
79,0.4726865136557642,0.6184768676757812,0.8136461973190308,0.7257084846496582,0.7348095774650574,0.5064191222190857,0.4952957034111023,0.8937208652496338,0.6660600304603577,0.675554633140564,0.6119726896286011,0.5269177556037903,0.4204065501689911,0.3512108623981476
80,0.4648669670774218,0.5995965600013733,0.806125283241272,0.6940747499465942,0.714309573173523,0.5201737284660339,0.4929538667201996,0.8881140351295471,0.6390289068222046,0.6843538284301758,0.5841082334518433,0.46061575412750244,0.37217873334884644,0.33912190794944763
81,0.46864109187770414,0.6357485055923462,0.8233934044837952,0.7449976801872253,0.7268733382225037,0.5800762176513672,0.5029031038284302,0.9063895344734192,0.6780233979225159,0.7014074921607971,0.6165866851806641,0.5322404503822327,0.43763288855552673,0.37845808267593384
82,0.460923470556736,0.6270904541015625,0.8252246379852295,0.7475085258483887,0.7475868463516235,0.5402340292930603,0.5106624364852905,0.9037548899650574,0.6598023176193237,0.6982126832008362,0.605032205581665,0.5247482657432556,0.41173452138900757,0.3505842387676239
83,0.4576763890902786,0.6316690444946289,0.8088001012802124,0.7505301833152771,0.71678227186203,0.5776315331459045,0.5129185914993286,0.9078016877174377,0.674817681312561,0.702728807926178,0.6239185929298401,0.5230570435523987,0.4325793385505676,0.3484629988670349
84,0.4622923600596978,0.6223244667053223,0.8147220611572266,0.7484738230705261,0.7162661552429199,0.5783047080039978,0.4999640882015228,0.9037965536117554,0.6677062511444092,0.6883756518363953,0.5982293486595154,0.5056173801422119,0.42778638005256653,0.3186507821083069
85,0.45074648993528066,0.61586594581604,0.8115913271903992,0.735011875629425,0.7174847722053528,0.5615246295928955,0.4995632767677307,0.9034395813941956,0.6624026298522949,0.6906768679618835,0.5905766487121582,0.49668043851852417,0.4036305844783783,0.31780824065208435
86,0.4612312044345719,0.637730598449707,0.8255961537361145,0.7535480856895447,0.737483561038971,0.5920191407203674,0.5131802558898926,0.9092097878456116,0.6750885248184204,0.7198593616485596,0.6329279541969299,0.5181311368942261,0.4415292739868164,0.3341939449310303
87,0.46891762014916716,0.6344737410545349,0.8268351554870605,0.757753849029541,0.7400362491607666,0.5695499181747437,0.506103515625,0.9029638767242432,0.6797147989273071,0.6983075141906738,0.6169638633728027,0.5324015021324158,0.40973272919654846,0.3733212947845459
88,0.44847344661898475,0.6290337443351746,0.8320174813270569,0.7541012763977051,0.7453686594963074,0.5416281819343567,0.5117055177688599,0.8973947763442993,0.655200183391571,0.6998167037963867,0.6142814755439758,0.5161095261573792,0.43321844935417175,0.34756287932395935
89,0.4484055884839857,0.6251793503761292,0.827347993850708,0.7542269229888916,0.7257927060127258,0.556154191493988,0.49658381938934326,0.9087405204772949,0.6719469428062439,0.6853238344192505,0.6046025156974792,0.5092512965202332,0.4375764727592468,0.3246043622493744
90,0.44252873653107705,0.6257288455963135,0.8192416429519653,0.7469123005867004,0.731994092464447,0.5451756715774536,0.4903111159801483,0.9011679291725159,0.6658657193183899,0.6834573149681091,0.6216601133346558,0.5077238082885742,0.4133787155151367,0.3818577527999878
91,0.44252954237163067,0.6367582082748413,0.8313756585121155,0.7699258327484131,0.7572731375694275,0.5585257411003113,0.49044227600097656,0.9053634405136108,0.67905592918396,0.7059981226921082,0.612707257270813,0.5344436168670654,0.4326561987400055,0.36333027482032776
92,0.4496740401886842,0.6386356353759766,0.837313175201416,0.7604116797447205,0.7500337958335876,0.542956531047821,0.5120144486427307,0.9057301878929138,0.6848569512367249,0.706963837146759,0.6204760074615479,0.531005322933197,0.44589436054229736,0.3659718930721283
93,0.4547631080426714,0.6374260783195496,0.8319205045700073,0.7661290764808655,0.7469460368156433,0.5557997822761536,0.5002082586288452,0.909044623374939,0.6792085766792297,0.7144299745559692,0.6247737407684326,0.5148755311965942,0.4321574866771698,0.3736193776130676
94,0.4411948017009041,0.6402269005775452,0.837643563747406,0.7568602561950684,0.7524222135543823,0.5636502504348755,0.49290230870246887,0.9066095948219299,0.6875049471855164,0.7099204063415527,0.6317468881607056,0.5310166478157043,0.4396917223930359,0.3727540373802185
95,0.4389277041396674,0.6399680376052856,0.8314129710197449,0.7597881555557251,0.756381630897522,0.5778002738952637,0.5272597074508667,0.9032906889915466,0.6827853918075562,0.6931706666946411,0.6217976808547974,0.533437967300415,0.43373042345046997,0.3587605655193329
96,0.4347393114174552,0.6307976245880127,0.8144248723983765,0.7383308410644531,0.7357125282287598,0.5790255665779114,0.527933657169342,0.8998413681983948,0.6691629886627197,0.7023956179618835,0.6093086004257202,0.5198286175727844,0.4218657314777374,0.3517409563064575
97,0.4385047032333472,0.6437407732009888,0.8266110420227051,0.7723431587219238,0.7534307837486267,0.5792261958122253,0.506483256816864,0.9118741154670715,0.6830161809921265,0.7188255786895752,0.6087441444396973,0.5294259190559387,0.4505240023136139,0.38438454270362854
98,0.44096678522798943,0.6333368420600891,0.8238065242767334,0.724381685256958,0.742134690284729,0.5548107028007507,0.534099817276001,0.9030691981315613,0.6722379922866821,0.7022285461425781,0.6213293075561523,0.5260502099990845,0.4455214738845825,0.3503715991973877
99,0.4394596528316684,0.6429412364959717,0.8343566060066223,0.7512320876121521,0.7549880743026733,0.5880530476570129,0.4900277554988861,0.903609573841095,0.6868889331817627,0.7087920904159546,0.6280862092971802,0.5445802807807922,0.4259103834629059,0.3987693786621094
100,0.4351294483332073,0.6360100507736206,0.8281385898590088,0.7530816197395325,0.7237032651901245,0.5669445395469666,0.5022701621055603,0.9079863429069519,0.6833078861236572,0.7007917165756226,0.6319500207901001,0.5238590240478516,0.4494384825229645,0.36064842343330383
101,0.4356617308769594,0.6505023837089539,0.831487774848938,0.7619130611419678,0.7614042162895203,0.5678415298461914,0.5271559357643127,0.9038322567939758,0.6898706555366516,0.719457745552063,0.6398105025291443,0.5508838295936584,0.4523104429244995,0.4000604748725891
102,0.4309491498176666,0.6481931209564209,0.8295317888259888,0.7663476467132568,0.7427956461906433,0.586708128452301,0.5424981713294983,0.9081750512123108,0.6870113015174866,0.7150800228118896,0.6276689767837524,0.5447167754173279,0.4267829656600952,0.4010009467601776
103,0.42337802162065225,0.639546811580658,0.8320691585540771,0.7485349774360657,0.7417543530464172,0.6011651754379272,0.5248504877090454,0.9111597537994385,0.6777129769325256,0.7256235480308533,0.6330498456954956,0.523041307926178,0.42874518036842346,0.3268545866012573
