epoch,lr,lambda,train_dice_ce,train_kl,val_dice,val_dice_no_prior,gate_mean,gamma_mean,o1,o2,o3,o4,o5,o6,o7,o8,o9,o10,o11,o12,epoch_s,skipped_steps
1,0.0002,0.0,3.334939589103063,0.0,0.0012300432426854968,,0.9998797178268433,0.001097636646591127,0.0002,0.0,0.0,0.0061,0.0,0.0037,0.002,0.001,0.001,0.0007,0.0,0.0,235.5,0
2,0.00019986535608929238,0.010000000000000002,3.0264882842699685,1.2606399357318878,0.001649387995712459,,0.9995870590209961,0.003376274136826396,0.0004,0.0,0.0,0.0094,0.0,0.0,0.0006,0.0011,0.0045,0.0036,0.0,0.0001,31.4,0
3,0.00019946180601996302,0.020000000000000004,2.8229681650797525,1.0546074112256367,0.0026098755188286304,,0.9995481371879578,0.00575878843665123,0.0001,0.0004,0.0,0.0116,0.0,0.0,0.0002,0.002,0.0162,0.0007,0.0,0.0003,31.1,0
4,0.00019879049369852774,0.03,2.691576659679413,1.2291014889876049,0.004865681286901236,,0.9993360042572021,0.008186792954802513,0.0001,0.0007,0.0,0.0133,0.0,0.0,0.0034,0.0037,0.0363,0.0003,0.0,0.0004,31.8,0
5,0.00019785332203269736,0.04000000000000001,2.6105490227540336,0.9188741147518158,0.008517501875758171,0.00013081345241516829,0.9995877146720886,0.010482965037226677,0.0004,0.0009,0.0,0.0159,0.0,0.0003,0.0078,0.0032,0.0734,0.0,0.0,0.0002,32.3,0
6,0.00019665294753737903,0.05,2.5242361227671304,1.0402386983235676,0.011343474499881268,,0.9997085332870483,0.012792915105819702,0.0025,0.0058,0.0,0.0184,0.0,0.0027,0.0133,0.0234,0.0699,0.0,0.0,0.0002,30.6,0
7,0.00019519277280449624,0.06,2.4744410117467246,0.7674845606088638,0.018237266689538956,,0.9993392825126648,0.01491381973028183,0.0135,0.0181,0.0,0.0221,0.0,0.0271,0.012,0.0727,0.0534,0.0,0.0,0.0,31.8,0
8,0.00019347693685797216,0.06999999999999999,2.402687003215154,0.7877239634593328,0.03377016633749008,,0.9994327425956726,0.017034675925970078,0.0586,0.0425,0.0004,0.0229,0.0,0.1075,0.0092,0.1192,0.0447,0.0,0.0,0.0002,31.3,0
9,0.0001915103034212168,0.08000000000000002,2.34390198191007,0.8075678994258245,0.046234048902988434,,0.9998841285705566,0.01921883597970009,0.0672,0.0722,0.0202,0.0275,0.0,0.1875,0.0058,0.1494,0.0247,0.0,0.0,0.0003,30.4,0
10,0.0001892984471303743,0.09000000000000001,2.2877198259035745,0.8225138435761133,0.0677386149764061,0.0002447865263093263,0.9996433258056641,0.021349936723709106,0.056,0.0823,0.1539,0.0297,0.0,0.2351,0.0038,0.2342,0.0176,0.0,0.0,0.0003,34.6,0
11,0.00018684763773241158,0.1,2.226049909989039,0.878554900487264,0.09977595508098602,,0.9993584156036377,0.02353263460099697,0.0365,0.0544,0.2814,0.0346,0.0,0.4832,0.0024,0.2926,0.0119,0.0,0.0,0.0002,30.9,0
12,0.00018416482231283892,0.1,2.1579357186953225,0.9272568176190058,0.1286255270242691,,0.9992050528526306,0.0258700679987669,0.038,0.0251,0.3857,0.0383,0.0,0.6923,0.0016,0.3475,0.0147,0.0,0.0,0.0003,31.5,0
13,0.00018125760560344154,0.1,2.1577712297439575,0.633784274260203,0.139274001121521,,0.999076247215271,0.027925699949264526,0.048,0.0053,0.4537,0.0396,0.0,0.7489,0.0004,0.3619,0.0136,0.0,0.0,0.0,31.6,0
14,0.00017813422842584108,0.1,2.1250334034363427,0.571548250814279,0.1412046253681183,,0.9993184804916382,0.029842473566532135,0.0569,0.0033,0.4603,0.0334,0.0,0.7595,0.0,0.368,0.0129,0.0,0.0,0.0001,32.8,0
15,0.0001748035443319914,0.1,2.0437272240718207,0.7010046367843946,0.14308825135231018,1.823486491048243e-05,0.9991623759269714,0.031692203134298325,0.0508,0.0014,0.4859,0.0309,0.0,0.76,0.0,0.3744,0.0132,0.0004,0.0,0.0001,36.0,0
16,0.00017127499450782357,0.1,2.033370395501455,0.5590545684099197,0.14184901118278503,,0.999053955078125,0.033516790717840195,0.0393,0.0015,0.494,0.0337,0.0,0.7625,0.0,0.3577,0.013,0.0004,0.0,0.0,32.3,0
17,0.0001675585810111787,0.1,1.9451421747605007,0.7187295357386271,0.1436721384525299,,0.9986615180969238,0.035412102937698364,0.0131,0.0022,0.5367,0.0322,0.0,0.7624,0.0,0.3681,0.009,0.0002,0.0,0.0001,32.3,0
18,0.00016366483841988825,0.1,1.9339172343413036,0.6289269104599953,0.1401972770690918,,0.9982215762138367,0.03740249201655388,0.0075,0.0013,0.506,0.0317,0.0,0.7658,0.0,0.3665,0.0032,0.0002,0.0,0.0001,32.2,0
19,0.00015960480397036864,0.1,1.9113371968269348,0.5671347926060358,0.13947829604148865,,0.9983571767807007,0.0392007902264595,0.0031,0.0058,0.5147,0.0319,0.0016,0.7634,0.0,0.3494,0.0039,0.0,0.0,0.0,33.6,0
20,0.00015538998627137552,0.1,1.8966442942619324,0.47891127069791156,0.1418103575706482,0.0,0.9973143339157104,0.04084700718522072,0.0034,0.0058,0.5319,0.0292,0.0031,0.7555,0.0002,0.3672,0.0054,0.0,0.0,0.0,32.6,0
21,0.00015103233268160178,0.1,1.8251407990852992,0.5910336449742317,0.14042750000953674,,0.99652498960495,0.042533814907073975,0.0012,0.0043,0.5089,0.0308,0.0031,0.7587,0.0,0.3741,0.004,0.0,0.0,0.0,34.2,0
22,0.00014654419544359127,0.1,1.7916359504063923,0.5672468692064285,0.14275303483009338,,0.9959700107574463,0.044257327914237976,0.0002,0.0061,0.5219,0.0297,0.0031,0.7559,0.0039,0.3911,0.0009,0.0002,0.0,0.0,32.1,0
23,0.00014193829666996549,0.1,1.7631332377592723,0.5484558790922165,0.14499163627624512,,0.9952125549316406,0.04595036432147026,0.0001,0.0139,0.5343,0.0309,0.0016,0.7552,0.0049,0.3978,0.0013,0.0,0.0,0.0,32.6,0
24,0.00013722769228121287,0.1,1.7360987265904744,0.5266421213746071,0.14592552185058594,,0.9945249557495117,0.04755360633134842,0.0,0.0108,0.5281,0.029,0.0016,0.7555,0.0114,0.4146,0.0002,0.0,0.0,0.0,33.4,0
25,0.000132425734997264,0.1,1.7958322366078694,0.32270514965057373,0.14737693965435028,0.00936243124306202,0.993868350982666,0.0489608459174633,0.0004,0.0171,0.5411,0.0377,0.0,0.7636,0.0074,0.401,0.0002,0.0,0.0,0.0,33.8,0
26,0.00012754603648775593,0.1,1.7664848069349925,0.31585269918044406,0.14617177844047546,,0.9937891960144043,0.04998515546321869,0.0,0.0125,0.5451,0.0258,0.0016,0.7522,0.0163,0.4005,0.0,0.0,0.0,0.0,31.1,0
27,0.00012260242878827588,0.1,1.70704418917497,0.4065125087896983,0.14869636297225952,,0.9936200976371765,0.05115223675966263,0.0,0.0145,0.5633,0.0342,0.0,0.7611,0.0179,0.3933,0.0,0.0,0.0,0.0,33.1,0
28,0.0001176089250919536,0.1,1.7204673886299133,0.32383034626642865,0.14722318947315216,,0.9927002191543579,0.05233210325241089,0.0,0.0097,0.5455,0.0189,0.0,0.7545,0.0211,0.417,0.0,0.0,0.0,0.0,33.9,0
29,0.00011257968002754291,0.1,1.6690632551908493,0.3880002275109291,0.1493912935256958,,0.9925324320793152,0.053377922624349594,0.0,0.0103,0.5634,0.0197,0.0,0.7645,0.0308,0.4039,0.0,0.0,0.0,0.0,35.8,0
30,0.0001075289495365886,0.1,1.6294571806987126,0.3993302086989085,0.1475328952074051,0.0430716946721077,0.9923584461212158,0.05448019504547119,0.0,0.0102,0.5289,0.0156,0.0032,0.7571,0.0438,0.4115,0.0,0.0,0.0,0.0,35.1,0
31,0.0001024710504634114,0.1,1.5986010332902272,0.4098773921529452,0.15178820490837097,,0.9926392436027527,0.0555996298789978,0.0,0.0109,0.5544,0.0211,0.0032,0.7643,0.0661,0.4014,0.0,0.0,0.0,0.0,30.5,0
32,9.74203199724571e-05,0.1,1.5843015710512798,0.40308553725481033,0.15181848406791687,,0.9923471212387085,0.05677379295229912,0.0,0.0131,0.5532,0.0119,0.0095,0.7587,0.0961,0.3782,0.0,0.0011,0.0,0.0,30.4,0
33,9.239107490804642e-05,0.1,1.5793024649222691,0.36626586069663364,0.15224206447601318,,0.9918227195739746,0.05782820284366608,0.0,0.0199,0.5189,0.0095,0.0,0.7537,0.1158,0.4083,0.0,0.0009,0.0,0.0,28.7,0
34,8.739757121172415e-05,0.1,1.5316344251235325,0.42246733233332634,0.15528348088264465,,0.9919173121452332,0.05889075621962547,0.0,0.0164,0.534,0.0071,0.0,0.7612,0.1347,0.41,0.0,0.0,0.0,0.0,29.0,0
35,8.245396351224408e-05,0.1,1.5279107689857483,0.3938928221662839,0.15576419234275818,0.04221575707197189,0.9914588928222656,0.05989689379930496,0.0,0.0233,0.5224,0.005,0.0,0.7527,0.144,0.4218,0.0,0.0,0.0,0.0,29.0,0
36,7.757426500273602e-05,0.1,1.569792464375496,0.28349463641643524,0.1557844579219818,,0.9919067621231079,0.06071939319372177,0.0,0.0237,0.5133,0.0039,0.0032,0.7626,0.1493,0.4129,0.0005,0.0,0.0,0.0,27.9,0
37,7.277230771878711e-05,0.1,1.5837261825799942,0.23638728633522987,0.157181054353714,,0.9915703535079956,0.06142082065343857,0.0,0.0306,0.5173,0.0032,0.0,0.7551,0.1453,0.433,0.0016,0.0,0.0,0.0,27.5,0
38,6.806170333003454e-05,0.1,1.5589771171410878,0.2505259116490682,0.1568259298801422,,0.9911859035491943,0.061979494988918304,0.0,0.0243,0.5065,0.0007,0.0032,0.7632,0.1715,0.4063,0.0062,0.0,0.0,0.0,27.6,0
39,6.345580455640874e-05,0.1,1.5203249007463455,0.3059803905586402,0.15839093923568726,,0.9909130334854126,0.06260611861944199,0.0,0.0256,0.5104,0.0013,0.0,0.7613,0.1653,0.4297,0.0071,0.0,0.0,0.0,28.6,0
40,5.8967667318398246e-05,0.1,1.5140949537356694,0.28161783640583354,0.16008220613002777,0.04083346202969551,0.9907435178756714,0.06317324936389923,0.0,0.0294,0.517,0.0006,0.0,0.759,0.1532,0.451,0.0109,0.0,0.0,0.0,33.3,0
41,5.461001372862447e-05,0.1,1.514024058977763,0.25363392382860184,0.16021794080734253,,0.9905339479446411,0.06370630115270615,0.0,0.0285,0.5003,0.0018,0.0,0.7587,0.1665,0.4499,0.0169,0.0,0.0,0.0,32.1,0
42,5.039519602963135e-05,0.1,1.4478199581305187,0.34125838801264763,0.16401687264442444,,0.9906549453735352,0.06423832476139069,0.0,0.0296,0.5104,0.0004,0.0,0.7626,0.1694,0.4766,0.0192,0.0,0.0,0.0,34.8,0
43,4.6335161580111774e-05,0.1,1.463784451285998,0.2999802939593792,0.165702223777771,,0.9905743598937988,0.06475972384214401,0.0,0.0381,0.5048,0.0002,0.0,0.7619,0.1705,0.4886,0.0244,0.0,0.0,0.0,33.2,0
44,4.2441418988821335e-05,0.1,1.455998107790947,0.2970557473599911,0.16668269038200378,,0.990497350692749,0.06522950530052185,0.0,0.0437,0.5094,0.0009,0.0,0.7618,0.1672,0.4916,0.0254,0.0,0.0,0.0,35.4,0
45,3.8725005492176456e-05,0.1,1.4562046180168788,0.2745446041226387,0.1657458245754242,0.049162428826093674,0.9906045794487,0.06567825376987457,0.0,0.0367,0.5085,0.0002,0.0,0.7663,0.1667,0.4873,0.0233,0.0,0.0,0.0,37.8,0
46,3.5196455668008635e-05,0.1,1.4492085129022598,0.271798266718785,0.16497159004211426,,0.9903740882873535,0.06604233384132385,0.0,0.0364,0.5002,0.0002,0.0,0.7616,0.1696,0.4877,0.024,0.0,0.0,0.0,33.5,0
47,3.18657715741589e-05,0.1,1.448198641339938,0.2701311260461807,0.16567938029766083,,0.9903594851493835,0.06636901199817657,0.0,0.0322,0.5044,0.0002,0.0,0.7649,0.1682,0.498,0.0202,0.0,0.0,0.0,40.5,0
48,2.874239439655847e-05,0.1,1.4029267976681392,0.3148113079369068,0.1660705804824829,,0.9903494715690613,0.06667962670326233,0.0,0.0309,0.5092,0.0,0.0,0.7623,0.1706,0.4976,0.0222,0.0,0.0,0.0,36.3,0
49,2.5835177687161072e-05,0.1,1.4309861063957214,0.2780054174363613,0.16688570380210876,,0.9903146624565125,0.0669836550951004,0.0,0.0351,0.5119,0.0,0.0,0.7621,0.1683,0.5029,0.0223,0.0,0.0,0.0,37.2,0
50,2.3152362267588416e-05,0.1,1.4037238011757533,0.29416318486134213,0.16638022661209106,0.05289715155959129,0.99028480052948,0.06725562363862991,0.0,0.0365,0.506,0.0,0.0,0.764,0.1702,0.4981,0.0217,0.0,0.0,0.0,34.3,0
51,2.0701552869625715e-05,0.1,1.4283251365025837,0.2601258171101411,0.16706395149230957,,0.990240216255188,0.06749136745929718,0.0,0.0363,0.5078,0.0,0.0,0.7673,0.1706,0.505,0.0177,0.0,0.0,0.0,29.4,0
52,1.8489696578783243e-05,0.1,1.414840246240298,0.2751619604726632,0.16773080825805664,,0.9901814460754395,0.06770157814025879,0.0,0.0382,0.5117,0.0,0.0,0.766,0.1734,0.5056,0.0179,0.0,0.0,0.0,28.3,0
53,1.6523063142027852e-05,0.1,1.4241721977790196,0.2557229499022166,0.16730216145515442,,0.9901480674743652,0.0678824707865715,0.0,0.0393,0.5078,0.0,0.0,0.765,0.1802,0.4936,0.0217,0.0,0.0,0.0,32.7,0
54,1.4807227195503778e-05,0.1,1.4387834419806798,0.2219234754641851,0.16741231083869934,,0.9901231527328491,0.06803267449140549,0.0,0.0396,0.5092,0.0,0.0,0.7648,0.1744,0.5029,0.018,0.0,0.0,0.0,35.9,0
55,1.3347052462620988e-05,0.1,1.4080390880505245,0.26858996351559955,0.16689912974834442,0.05427519977092743,0.9901115298271179,0.06817150115966797,0.0,0.0359,0.5054,0.0,0.0,0.7661,0.1763,0.5034,0.0157,0.0,0.0,0.0,34.6,0
56,1.2146677967302666e-05,0.1,1.424062356352806,0.23800576974948248,0.1664060801267624,,0.9901248216629028,0.06829813867807388,0.0,0.035,0.5024,0.0,0.0,0.7659,0.1777,0.5015,0.0143,0.0,0.0,0.0,33.1,0
57,1.1209506301472268e-05,0.1,1.3712557057539623,0.31659740457932156,0.16726207733154297,,0.9901121854782104,0.06842946261167526,0.0,0.0378,0.5044,0.0,0.0,0.7686,0.1769,0.5049,0.0145,0.0,0.0,0.0,31.7,0
58,1.0538193980036977e-05,0.1,1.4239178498586018,0.2337986814479033,0.16756078600883484,,0.9900650382041931,0.06854435056447983,0.0,0.0413,0.5068,0.0,0.0,0.7661,0.1767,0.5074,0.0124,0.0,0.0,0.0,33.9,0
59,1.0134643910707616e-05,0.1,1.4213178406159084,0.23477531597018242,0.16798633337020874,,0.9900617003440857,0.06864570081233978,0.0,0.0397,0.5098,0.0,0.0,0.769,0.1775,0.5074,0.0126,0.0,0.0,0.0,36.3,0
60,1e-05,0.1,1.4062586377064388,0.2501768507063389,0.1681278645992279,0.05402109771966934,0.990027129650116,0.06874188035726547,0.0,0.0403,0.5096,0.0,0.0,0.7681,0.1803,0.5064,0.0129,0.0,0.0,0.0,40.8,0
